"日期","收入预估~iPhone"
"2026-07-15","1876300"
"2026-07-14","1880805"
"2026-07-13","1880912"
"2026-07-12","1897907"
"2026-07-11","1885247"
"2026-07-10","1897514"
"2026-07-09","1894531"
"2026-07-08","1885612"
"2026-07-07","1899495"
"2026-07-06","1885475"
"2026-07-05","1875122"
"2026-07-04","1882804"
"2026-07-03","1882244"
"2026-07-02","1874833"
"2026-07-01","1893510"
"2026-06-30","1879797"
"2026-06-29","1884104"
"2026-06-28","1876224"
"2026-06-27","1875121"
"2026-06-26","1896149"
"2026-06-25","1888333"
"2026-06-24","1876545"
"2026-06-23","1887075"
"2026-06-22","1891961"
"2026-06-21","1882519"
"2026-06-20","1889340"
"2026-06-19","1894752"
"2026-06-18","1897287"
"2026-06-17","1895003"
"2026-06-16","1899875"
"2026-06-15","1882889"
"2026-06-14","1881007"
"2026-06-13","1888895"
"2026-06-12","1893232"
"2026-06-11","1887154"
"2026-06-10","1882011"
"2026-06-09","1887473"
"2026-06-08","1891457"
"2026-06-07","1888499"
"2026-06-06","1889608"
"2026-06-05","1881485"
"2026-06-04","1889137"
"2026-06-03","1893033"
"2026-06-02","1888328"
"2026-06-01","1875665"
"2026-05-31","1882928"
"2026-05-30","1881472"
"2026-05-29","1887959"
"2026-05-28","1886067"
"2026-05-27","1884282"
"2026-05-26","1884761"
"2026-05-25","1877130"
"2026-05-24","1881539"
"2026-05-23","1889564"
"2026-05-22","1889606"
"2026-05-21","1882764"
"2026-05-20","1894668"
"2026-05-19","1882649"
"2026-05-18","1896244"
"2026-05-17","1894858"
"2026-05-16","1897472"
"2026-05-15","1890724"
"2026-05-14","1888478"
"2026-05-13","1889133"
"2026-05-12","1886089"
"2026-05-11","1887783"
"2026-05-10","1887938"
"2026-05-09","1894315"
"2026-05-08","1885573"
"2026-05-07","1876417"
"2026-05-06","1892046"
"2026-05-05","1886196"
"2026-05-04","1889033"
"2026-05-03","1885648"
"2026-05-02","1880519"
"2026-05-01","1876490"
"2026-04-30","1888449"
"2026-04-29","1885259"
"2026-04-28","1895244"
"2026-04-27","1888378"
"2026-04-26","1846686"
"2026-04-25","1842297"
"2026-04-24","1889583"
"2026-04-23","1831796"
"2026-04-22","1895248"
"2026-04-21","1887677"
"2026-04-20","1887628"
"2026-04-19","1884038"
"2026-04-18","1833330"
"2026-04-17","1837192"
"2026-04-16","1886587"
"2026-04-15","1874067"
"2026-04-14","1876333"
"2026-04-13","1886830"
"2026-04-12","1894388"
"2026-04-11","1886655"
"2026-04-10","1884996"
"2026-04-09","1901155"
"2026-04-08","1892629"
"2026-04-07","1900784"
"2026-04-06","1891971"
"2026-04-05","1901682"
"2026-04-04","1885824"
"2026-04-03","1894330"
"2026-04-02","1878430"
"2026-04-01","1831217"
"2026-03-31","1805488"
"2026-03-30","1647250"
"2026-03-29","1520402"
"2026-03-28","1841139"
"2026-03-27","1879742"
"2026-03-26","1882097"
"2026-03-25","1887618"
"2026-03-24","1892029"
"2026-03-23","1877898"
"2026-03-22","1889807"
"2026-03-21","1889719"
"2026-03-20","1884988"
"2026-03-19","1889904"
"2026-03-18","1889771"
"2026-03-17","1881892"
"2026-03-16","1880301"
"2026-03-15","1891454"
"2026-03-14","1890442"
"2026-03-13","1893709"
"2026-03-12","1899678"
"2026-03-11","1879708"
"2026-03-10","1891684"
"2026-03-09","1893896"
"2026-03-08","1890612"
"2026-03-07","1889176"
"2026-03-06","1884898"
"2026-03-05","1886435"
"2026-03-04","1876857"
"2026-03-03","1898505"
"2026-03-02","1878096"
"2026-03-01","1877356"
"2026-02-28","1889898"
"2026-02-27","1899752"
"2026-02-26","1901710"
"2026-02-25","1881518"
"2026-02-24","1889445"
"2026-02-23","1887730"
"2026-02-22","1889267"
"2026-02-21","1891405"
"2026-02-20","1893526"
"2026-02-19","1894154"
"2026-02-18","1888942"
"2026-02-17","1881889"
"2026-02-16","1895734"
"2026-02-15","1879736"
"2026-02-14","1894212"
"2026-02-13","1877974"
"2026-02-12","1782613"
"2026-02-11","1804113"
"2026-02-10","1835188"
"2026-02-09","1839578"
"2026-02-08","1844925"
"2026-02-07","1894934"
"2026-02-06","1838546"
"2026-02-05","1835756"
"2026-02-04","1836738"
"2026-02-03","1887442"
"2026-02-02","1833559"
"2026-02-01","1890056"
"2026-01-31","1891249"
"2026-01-30","1841412"
"2026-01-29","1893932"
"2026-01-28","1895649"
"2026-01-27","1886356"
"2026-01-26","1886142"
"2026-01-25","1875481"
"2026-01-24","1892251"
"2026-01-23","1889296"
"2026-01-22","1892308"
"2026-01-21","1873508"
"2026-01-20","1887700"
"2026-01-19","1884313"
"2026-01-18","1879572"
"2026-01-17","1892355"
"2026-01-16","1885780"
"2026-01-15","1889868"
"2026-01-14","1876581"
"2026-01-13","1880121"
"2026-01-12","1887300"
"2026-01-11","1885429"
"2026-01-10","1893547"
"2026-01-09","1883448"
"2026-01-08","1896578"
"2026-01-07","1896534"
"2026-01-06","1894039"
"2026-01-05","1892742"
"2026-01-04","1882508"
"2026-01-03","1901542"
"2026-01-02","1880344"
"2026-01-01","1787779"
"2025-12-31","1844895"
"2025-12-30","1882910"
"2025-12-29","1827576"
"2025-12-28","1841609"
"2025-12-27","1880243"
"2025-12-26","1899947"
"2025-12-25","1885393"
"2025-12-24","1895938"
"2025-12-23","1889658"
"2025-12-22","1895963"
"2025-12-21","1885557"
"2025-12-20","1886183"
"2025-12-19","1875724"
"2025-12-18","1888634"
"2025-12-17","1881736"
"2025-12-16","1878189"
"2025-12-15","1889088"
"2025-12-14","1895167"
"2025-12-13","1830935"
"2025-12-12","1832608"
"2025-12-11","1887488"
"2025-12-10","1885818"
"2025-12-09","1890688"
"2025-12-08","1875871"
"2025-12-07","1897955"
"2025-12-06","1882011"
"2025-12-05","1876333"
"2025-12-04","1786591"
"2025-12-03","1839289"
"2025-12-02","1900718"
"2025-12-01","1844212"
"2025-11-30","1850043"
"2025-11-29","1884169"
"2025-11-28","1898970"
"2025-11-27","1879785"
"2025-11-26","1888256"
"2025-11-25","1900426"
"2025-11-24","1877707"
"2025-11-23","1828348"
"2025-11-22","1790643"
"2025-11-21","1794059"
"2025-11-20","1844831"
"2025-11-19","1836976"
"2025-11-18","1838901"
"2025-11-17","1837258"
"2025-11-16","1842747"
"2025-11-15","1848048"
"2025-11-14","1843211"
"2025-11-13","1886780"
"2025-11-12","1895498"
"2025-11-11","1884024"
"2025-11-10","1882560"
"2025-11-09","1890569"
"2025-11-08","1894924"
"2025-11-07","1844816"
"2025-11-06","1837482"
"2025-11-05","1890988"
"2025-11-04","1885916"
"2025-11-03","1886204"
"2025-11-02","1877844"
"2025-11-01","1886822"
"2025-10-31","1879782"
"2025-10-30","1890482"
"2025-10-29","1896623"
"2025-10-28","1892073"
"2025-10-27","1893319"
"2025-10-26","1889273"
"2025-10-25","1889001"
"2025-10-24","1892159"
"2025-10-23","1877317"
"2025-10-22","1879454"
"2025-10-21","1898081"
"2025-10-20","1877351"
"2025-10-19","1886138"
"2025-10-18","1898405"
"2025-10-17","1892034"
"2025-10-16","1879277"
"2025-10-15","1875873"
"2025-10-14","1871166"
"2025-10-13","1897161"
"2025-10-12","1888985"
"2025-10-11","1883975"
"2025-10-10","1886323"
"2025-10-09","1876289"
"2025-10-08","1888189"
"2025-10-07","1895285"
"2025-10-06","1890253"
"2025-10-05","1894706"
"2025-10-04","1879884"
"2025-10-03","1879173"
"2025-10-02","1883496"
"2025-10-01","1886759"
"2025-09-30","1899807"
"2025-09-29","1882217"
"2025-09-28","1891849"
"2025-09-27","1900307"
"2025-09-26","1898309"
"2025-09-25","1249261"
"2025-09-24","1231689"
"2025-09-23","1815513"
"2025-09-22","1817837"
"2025-09-21","1692345"
"2025-09-20","1832161"
"2025-09-19","1826338"
"2025-09-18","1834133"
"2025-09-17","1902501"
"2025-09-16","1881972"
"2025-09-15","1899571"
"2025-09-14","1889368"
"2025-09-13","1889768"
"2025-09-12","1891646"
"2025-09-11","1872642"
"2025-09-10","1887530"
"2025-09-09","1890960"
"2025-09-08","1891294"
"2025-09-07","1886447"
"2025-09-06","1876234"
"2025-09-05","1887041"
"2025-09-04","1897682"
"2025-09-03","1900976"
"2025-09-02","1884041"
"2025-09-01","1897869"
"2025-08-31","1891156"
"2025-08-30","1891193"
"2025-08-29","1888375"
"2025-08-28","1890252"
"2025-08-27","1878726"
"2025-08-26","1885381"
"2025-08-25","1877885"
"2025-08-24","1883200"
"2025-08-23","1884371"
"2025-08-22","1902749"
"2025-08-21","1883343"
"2025-08-20","1899975"
"2025-08-19","1886154"
"2025-08-18","1888327"
"2025-08-17","1880588"
"2025-08-16","1875083"
"2025-08-15","1875586"
"2025-08-14","1831737"
"2025-08-13","1835538"
"2025-08-12","1842381"
"2025-08-11","1838149"
"2025-08-10","1843007"
"2025-08-09","1897814"
"2025-08-08","1893247"
"2025-08-07","1874794"
"2025-08-06","1896712"
"2025-08-05","1888800"
"2025-08-04","1895243"
"2025-08-03","1877528"
"2025-08-02","1873163"
"2025-08-01","1895102"
"2025-07-31","1881708"
"2025-07-30","1884811"
"2025-07-29","1885501"
"2025-07-28","1871258"
"2025-07-27","1881489"
"2025-07-26","1829004"
"2025-07-25","1843976"
"2025-07-24","1837579"
"2025-07-23","1870605"
"2025-07-22","1878219"
"2025-07-21","1895190"
"2025-07-20","1880596"
"2025-07-19","1903053"
"2025-07-18","1873866"
"2025-07-17","1885000"
"2025-07-16","1875202"
